                  epoch,         train/box_loss,         train/cls_loss,         train/dfl_loss,   metrics/precision(B),      metrics/recall(B),       metrics/mAP50(B),    metrics/mAP50-95(B),           val/box_loss,           val/cls_loss,           val/dfl_loss,                 lr/pg0,                 lr/pg1,                 lr/pg2
                      1,                 1.6222,                 1.8353,                 1.3458,                0.14962,                0.06061,                0.04154,                0.01271,                 3.1757,                 19.869,                 2.9557,               0.070789,              0.0032456,              0.0032456
                      2,                 1.6012,                 1.2888,                 1.3756,                0.70076,                0.78788,                0.77894,                0.41666,                 1.6529,                 5.9073,                 1.5452,               0.039487,              0.0052763,              0.0052763
                      3,                 1.5396,                 1.1583,                 1.3781,                0.46356,                0.72727,                0.74335,                0.41578,                 1.3076,                 21.102,                 1.3468,              0.0068642,               0.005987,               0.005987
                      4,                  1.418,                0.99824,                 1.2704,                0.00263,                0.60606,                0.00214,                0.00146,                 1.3056,                 2366.8,                 1.1577,                0.00406,                0.00406,                0.00406
                      5,                 1.3396,                0.94932,                 1.2353,                 0.9311,                0.90909,                0.91125,                0.61839,                 1.3528,                 1.2438,                 1.0817,                0.00208,                0.00208,                0.00208
