                  epoch,         train/box_loss,         train/cls_loss,         train/dfl_loss,   metrics/precision(B),      metrics/recall(B),       metrics/mAP50(B),    metrics/mAP50-95(B),           val/box_loss,           val/cls_loss,           val/dfl_loss,                 lr/pg0,                 lr/pg1,                 lr/pg2
                      1,                 1.4376,                 1.4147,                 1.2465,                0.00524,                 0.7551,                0.00504,                0.00274,                 1.6603,                 238.24,                 1.5868,               0.070536,              0.0032738,              0.0032738
                      2,                 1.4494,                 1.0077,                 1.2872,                0.00612,                0.55102,                0.00464,                0.00274,                 1.5148,                 217.57,                  1.468,               0.039228,              0.0052989,              0.0052989
                      3,                 1.3681,                0.88236,                 1.2007,                0.88908,                0.81792,                0.91972,                0.54278,                  1.411,                 1.5017,                 1.3229,              0.0065993,               0.006004,               0.006004
                      4,                 1.3257,                0.84529,                 1.1704,                0.99382,                0.87755,                0.97815,                0.50811,                 1.6728,                0.81516,                 1.3779,                0.00406,                0.00406,                0.00406
                      5,                 1.2546,                0.77806,                 1.1446,                 0.9968,                0.93878,                0.99116,                0.66087,                 1.1691,                0.63339,                 1.1554,                0.00208,                0.00208,                0.00208
